episode,total_reward,rolling_avg_20
1,347.05,347.05
2,183.61,265.33
3,-2.42,176.08
4,282.38,202.65
5,165.28,195.18
6,316.37,215.38
7,55.9,192.6
8,-61.61,160.82
9,71.36,150.88
10,-10.36,134.76
11,247.67,145.02
12,333.04,160.69
13,153.02,160.1
14,350.83,173.72
15,358.35,186.03
16,177.06,185.47
17,54.77,177.78
18,104.17,173.69
19,331.53,182.0
20,83.84,177.09
21,78.04,163.64
22,71.64,158.04
23,212.53,168.79
24,357.51,172.55
25,352.02,181.88
26,411.63,186.65
27,-38.33,181.94
28,423.33,206.18
29,349.07,220.07
30,195.04,230.34
31,266.16,231.26
32,114.79,220.35
33,327.27,229.06
34,183.5,220.7
35,183.67,211.96
36,402.84,223.25
37,380.03,239.51
38,379.89,253.3
39,196.86,246.57
40,418.83,263.32
41,298.43,274.34
42,321.46,286.83
43,332.32,292.82
44,167.62,283.32
45,257.54,278.6
46,281.21,272.08
47,364.54,292.22
48,234.33,282.77
49,220.32,276.33
50,253.99,279.28
51,277.29,279.84
52,282.68,288.23
53,104.53,277.09
54,92.71,272.55
55,125.93,269.67
56,378.16,268.43
57,436.57,271.26
58,274.71,266.0
59,298.71,271.09
60,347.97,267.55
61,46.12,254.94
62,299.76,253.85
63,104.54,242.46
64,369.07,252.53
65,117.41,245.53
66,128.89,237.91
67,146.45,227.01
68,178.48,224.21
69,102.24,218.31
70,311.29,221.18
71,125.65,213.59
72,134.92,206.21
73,403.25,221.14
74,195.67,226.29
75,113.81,225.68
76,175.86,215.57
77,324.78,209.98
78,311.76,211.83
79,399.01,216.85
80,390.78,218.99
81,256.36,229.5
82,281.78,228.6
83,369.09,241.83
84,275.98,237.17
85,159.83,239.29
86,164.22,241.06
87,391.36,253.31
88,343.8,261.57
89,434.71,278.19
90,405.27,282.89
91,231.25,288.17
92,371.9,300.02
93,359.13,297.82
94,274.16,301.74
95,253.68,308.74
96,397.04,319.8
97,197.72,313.44
98,329.92,314.35
99,315.06,310.15
100,383.88,309.81
101,409.55,317.47
102,476.99,327.23
103,276.29,322.59
104,438.54,330.72
105,260.58,335.75
106,250.92,340.09
107,372.19,339.13
108,348.72,339.37
109,550.02,345.14
110,330.79,341.42
111,473.99,353.55
112,498.44,359.88
113,396.55,361.75
114,398.72,367.98
115,500.89,380.34
116,446.81,382.83
117,370.13,391.45
118,328.54,391.38
119,390.03,395.13
120,292.74,390.57
121,365.19,388.35
122,281.23,378.57
123,497.77,389.64
124,454.0,390.41
125,345.25,394.65
126,176.3,390.92
127,268.9,385.75
128,395.36,388.08
129,517.49,386.46
130,520.21,395.93
131,536.14,399.04
132,435.28,395.88
133,643.14,408.21
134,651.08,420.82
135,406.9,416.13
136,484.36,418.0
137,614.35,430.21
138,653.45,446.46
139,202.38,437.08
140,578.88,451.38
141,489.48,457.6
142,275.08,457.29
143,533.2,459.06
144,652.34,468.98
145,455.61,474.5
146,365.1,483.94
147,665.81,503.78
148,421.69,505.1
149,557.19,507.08
150,610.39,511.59
151,532.42,511.41
152,364.99,507.89
153,363.04,493.89
154,383.21,480.49
155,542.81,487.29
156,655.95,495.87
157,544.29,492.37
158,645.19,491.95
159,328.4,498.25
160,691.18,503.87
161,684.3,513.61
162,426.55,521.18
163,639.28,526.49
164,361.15,511.93
165,617.77,520.04
166,448.69,524.22
167,578.58,519.85
168,739.22,535.73
169,582.81,537.01
170,455.33,529.26
171,604.56,532.87
172,469.33,538.08
173,578.88,548.88
174,666.2,563.03
175,587.9,565.28
176,425.8,553.77
177,670.24,560.07
178,448.42,550.23
179,327.11,550.17
180,482.1,539.71
181,667.31,538.86
182,360.71,535.57
183,746.47,540.93
184,338.09,539.78
185,555.51,536.66
186,709.13,549.69
187,373.22,539.42
188,649.27,534.92
189,668.21,539.19
190,518.65,542.36
191,548.69,539.56
192,540.24,543.11
193,548.58,541.59
194,375.44,527.06
195,490.37,522.18
196,222.26,512.0
197,513.34,504.16
198,691.39,516.3
199,580.87,528.99
200,744.61,542.12
201,713.87,544.45
202,662.88,559.55
203,477.39,546.1
204,780.66,568.23
205,713.24,576.12
206,747.28,578.02
207,879.99,603.36
208,650.02,603.4
209,681.88,604.08
210,619.01,609.1
211,674.3,615.38
212,525.64,614.65
213,453.54,609.9
214,708.46,626.55
215,505.95,627.33
216,559.22,644.18
217,560.38,646.53
218,503.37,637.13
219,544.01,635.29
220,803.1,638.21
221,560.2,630.53
222,619.39,628.35
223,330.15,620.99
224,481.36,606.03
225,353.21,588.02
226,508.76,576.1
227,444.61,554.33
228,779.24,560.79
229,780.91,565.74
230,453.15,557.45
231,573.29,552.4
232,772.54,564.74
233,798.24,581.98
234,883.04,590.71
235,506.58,590.74
236,315.02,578.53
237,346.99,567.86
238,639.12,574.65
239,602.03,577.55
240,502.03,562.49
241,792.67,574.12
242,831.2,584.71
243,587.17,597.56
244,681.96,607.59
245,690.16,624.44
246,653.59,631.68
247,636.88,641.29
248,563.61,630.51
249,530.13,617.97
250,774.39,634.03
251,601.0,635.42
252,510.27,622.3
253,763.6,620.57
254,693.97,611.12
255,541.71,612.87
256,476.89,620.97
257,686.7,637.95
258,551.51,633.57
259,624.44,634.69
260,748.93,647.04
261,519.17,633.36
262,662.22,624.91
263,529.16,622.01
264,525.19,614.18
265,848.64,622.1
266,799.5,629.39
267,824.37,638.77
268,526.39,636.91
269,618.44,641.32
270,823.29,643.77
271,817.33,654.59
272,682.61,663.2
273,844.22,667.23
274,747.28,669.9
275,811.98,683.41
276,601.78,689.66
277,680.71,689.36
278,704.11,696.99
279,778.37,704.68
280,655.97,700.04
281,663.16,707.24
282,636.54,705.95
283,813.57,720.17
284,612.77,724.55
285,802.42,722.24
286,714.66,718.0
287,594.46,706.5
288,452.04,702.79
289,556.91,699.71
290,701.72,693.63
291,692.93,687.41
292,607.42,683.65
293,695.61,676.22
294,760.57,676.89
295,854.72,679.02
296,803.12,689.09
297,556.25,682.87
298,587.75,677.05
299,621.11,669.19
300,923.96,682.58
301,869.52,692.9
302,871.77,704.66
303,556.5,691.81
304,886.8,705.51
305,726.34,701.71
306,781.02,705.03
307,563.7,703.49
308,820.37,721.9
309,745.55,731.34
310,606.89,726.6
311,822.1,733.05
312,708.52,738.11
313,457.84,726.22
314,761.45,726.26
315,770.98,722.08
316,488.65,706.35
317,806.87,718.88
318,832.36,731.12
319,726.5,736.38
320,761.58,728.27
321,913.68,730.47
322,617.67,717.77
323,552.28,717.56
324,810.33,713.73
325,739.54,714.39
326,595.36,705.11
327,719.79,712.92
328,689.55,706.37
329,742.28,706.21
330,849.2,718.33
331,592.32,706.84
332,764.13,709.62
333,782.68,725.86
334,657.37,720.66
335,625.85,713.4
336,649.56,721.44
337,650.94,713.65
338,796.32,711.85
339,620.46,706.54
340,832.51,710.09
341,917.39,710.28
342,865.67,722.68
343,771.48,733.64
344,635.62,724.9
345,752.19,725.53
346,841.88,737.86
347,759.48,739.84
348,842.05,747.47
349,552.52,737.98
350,882.61,739.65
351,931.08,756.59
352,605.03,748.63
353,720.4,745.52
354,859.96,755.65
355,754.87,762.1
356,652.86,762.27
357,819.8,770.71
358,890.7,775.43
359,938.41,791.33
360,881.46,793.77
361,627.51,779.28
362,770.17,774.5
363,812.6,776.56
364,776.35,783.6
365,910.2,791.5
366,716.13,785.21
367,683.48,781.41
368,724.57,775.53
369,612.01,778.51
370,600.78,764.42
371,645.3,750.13
372,604.11,750.08
373,875.4,757.83
374,817.83,755.73
375,872.01,761.58
376,645.3,761.21
377,829.29,761.68
378,802.51,757.27
379,653.35,743.02
380,767.45,737.32
381,974.15,754.65
382,755.86,753.93
383,930.85,759.85
384,424.49,742.25
385,717.21,732.6
386,637.29,728.66
387,618.84,725.43
388,696.84,724.04
389,824.33,734.66
390,779.21,743.58
391,769.12,749.77
392,805.94,759.86
393,925.66,762.38
394,572.62,750.12
395,675.93,740.31
396,827.48,749.42
397,833.4,749.63
398,811.59,750.08
399,629.21,748.87
400,735.6,747.28
401,690.18,733.08
402,888.89,739.73
403,709.21,728.65
404,679.87,741.42
405,536.88,732.4
406,928.1,746.95
407,617.68,746.89
408,773.24,750.71
409,918.66,755.42
410,835.5,758.24
411,848.38,762.2
412,813.42,762.58
413,569.03,744.74
414,573.98,744.81
415,874.05,754.72
416,677.08,747.2
417,772.85,744.17
418,625.92,734.89
419,711.47,739.0
420,638.45,734.14
421,902.79,744.77
422,660.95,733.38
423,730.06,734.42
424,679.46,734.4
425,894.47,752.28
426,916.55,751.7
427,725.79,757.1
428,883.54,762.62
429,793.16,756.34
430,878.29,758.48
431,967.85,764.46
432,762.21,761.9
433,798.82,773.39
434,870.85,788.23
435,627.18,775.89
436,876.6,785.86
437,598.21,777.13
438,644.73,778.07
439,575.37,771.27
440,631.7,770.93
441,867.52,769.17
442,641.43,768.19
443,676.94,765.54
444,618.06,762.46
445,859.27,760.7
446,796.33,754.69
447,642.02,750.5
448,870.75,749.87
449,742.67,747.34
450,726.69,739.76
451,604.28,721.58
452,594.27,713.19
453,608.92,703.69
454,738.1,697.05
455,971.01,714.24
456,925.18,716.67
457,727.06,723.12
458,853.83,733.57
459,960.54,752.83
460,845.57,763.52
461,878.28,764.06
462,914.14,777.7
463,909.72,789.34
464,625.4,789.7
465,947.43,794.11
466,723.66,790.48
467,857.76,801.26
468,921.42,803.8
469,923.49,812.84
470,973.04,825.16
471,864.74,838.18
472,818.54,849.39
473,642.45,851.07
474,974.78,862.9
475,984.15,863.56
476,693.79,851.99
477,815.51,856.41
478,663.06,846.87
479,639.71,830.83
480,873.96,832.25
481,792.59,827.97
482,664.23,815.47
483,499.38,794.95
484,705.77,798.97
485,721.01,787.65
486,943.1,798.62
487,922.97,801.88
488,790.9,795.36
489,694.03,783.89
490,903.15,780.39
491,678.28,771.07
492,924.94,776.39
493,856.1,787.07
494,925.04,784.58
495,979.1,784.33
496,789.88,789.14
497,831.7,789.94
498,672.36,790.41
499,740.78,795.46
500,605.02,782.02
501,662.81,775.53
502,942.87,789.46
503,885.93,808.79
504,882.94,817.65
505,584.14,810.8
506,899.66,808.63
507,707.0,797.83
508,955.41,806.06
509,942.04,818.46
510,949.84,820.79
511,631.77,818.47
512,910.51,817.74
513,818.88,815.88
514,780.41,808.65
515,968.45,808.12
516,952.59,816.26
517,902.41,819.79
518,771.07,824.73
519,768.3,826.1
520,925.24,842.11
521,849.6,851.45
522,901.2,849.37
523,665.75,838.36
524,977.7,843.1
525,667.03,847.24
526,890.08,846.76
527,776.62,850.24
528,824.1,843.68
529,833.26,838.24
530,957.16,838.61
531,808.06,847.42
532,858.39,844.81
533,913.94,849.57
534,929.4,857.02
535,787.31,847.96
536,666.19,833.64
537,806.35,828.84
538,730.92,826.83
539,972.05,837.02
540,873.55,834.43
541,763.33,830.12
542,612.14,815.67
543,653.54,815.06
544,690.83,800.71
545,670.26,800.87
546,718.62,792.3
547,898.27,798.38
548,733.03,793.83
549,682.45,786.29
550,738.38,775.35
551,798.07,774.85
552,861.43,775.0
553,647.99,761.71
554,896.17,760.04
555,942.0,767.78
556,1000.49,784.49
557,891.85,788.77
558,625.58,783.5
559,913.07,780.55
560,958.19,784.79
561,927.91,793.01
562,911.67,807.99
563,788.94,814.76
564,817.18,821.08
565,841.52,829.64
566,679.79,827.7
567,674.7,816.52
568,877.26,823.73
569,719.25,825.57
570,771.76,827.24
571,637.39,819.21
572,634.41,807.86
573,930.87,822.0
574,757.99,815.09
575,639.81,799.98
576,751.71,787.54
577,931.26,789.51
578,917.56,804.11
579,798.25,798.37
580,989.8,799.95
581,687.78,787.94
582,857.43,785.23
583,830.4,787.31
584,746.2,783.76
585,816.78,782.52
586,760.02,786.53
587,988.79,802.24
588,903.02,803.52
589,621.26,798.62
590,842.47,802.16
591,667.36,803.66
592,855.3,814.7
593,958.05,816.06
594,822.06,819.27
595,795.37,827.04
596,834.44,831.18
597,940.17,831.62
598,749.37,823.22
599,939.2,830.26
600,714.93,816.52
601,770.12,820.64
602,781.54,816.84
603,654.33,808.04
604,897.97,815.63
605,899.78,819.78
606,986.96,831.12
607,937.12,828.54
608,755.86,821.18
609,981.59,839.2
610,964.16,845.28
611,864.28,855.13
612,855.68,855.15
613,953.38,854.92
614,899.74,858.8
615,631.45,850.6
616,694.54,843.61
617,674.5,830.33
618,881.74,836.94
619,694.73,824.72
620,989.37,838.44
621,804.12,840.14
622,869.52,844.54
623,906.07,857.13
624,636.33,844.05
625,836.86,840.9
626,976.86,840.4
627,916.04,839.34
628,669.0,835.0
629,689.23,820.38
630,921.74,818.26
631,901.38,820.11
632,888.12,821.74
633,665.35,807.33
634,973.42,811.02
635,716.84,815.29
636,969.16,829.02
637,648.28,827.71
638,805.74,823.91
639,647.9,821.57
640,943.23,819.26
641,706.28,814.37
642,957.95,818.79
643,817.04,814.34
644,735.4,819.29
645,594.27,807.16
646,876.87,802.16
647,913.31,802.02
648,856.84,811.42
649,749.62,814.44
650,910.35,813.87
651,913.32,814.46
652,680.35,804.08
653,803.68,810.99
654,948.43,809.74
655,985.59,823.18
656,684.16,808.93
657,790.96,816.06
658,714.28,811.49
659,854.97,821.84
660,932.6,821.31
661,624.06,817.2
662,863.53,812.48
663,859.64,814.61
664,961.17,825.9
665,1003.38,846.36
666,824.84,843.75
667,927.79,844.48
668,842.35,843.75
669,676.11,840.08
670,708.39,829.98
671,619.55,815.29
672,978.66,830.21
673,984.13,839.23
674,903.86,837.0
675,678.88,821.67
676,872.71,831.09
677,844.13,833.75
678,827.83,839.43
679,639.95,828.68
680,971.45,830.62
681,1008.02,849.82
682,659.26,839.61
683,643.66,828.81
684,666.42,814.07
685,708.9,799.34
686,768.32,796.52
687,750.86,787.67
688,938.05,792.46
689,792.79,798.29
690,788.06,802.27
691,914.88,817.04
692,737.27,804.97
693,757.06,793.62
694,993.68,798.11
695,956.8,812.0
696,907.97,813.77
697,868.36,814.98
698,1028.92,825.03
699,694.31,827.75
700,962.7,827.31
701,676.29,810.73
702,780.57,816.79
703,944.49,831.83
704,670.14,832.02
705,748.57,834.0
706,681.66,829.67
707,1006.89,842.47
708,963.66,843.75
709,637.69,836.0
710,702.59,831.73
711,783.79,825.17
712,690.31,822.82
713,1020.47,835.99
714,707.39,821.68
715,669.41,807.31
716,717.54,797.79
717,728.93,790.82
718,800.96,779.42
719,673.63,778.38
720,789.57,769.73
721,948.09,783.32
722,674.9,778.03
723,1006.73,781.15
724,844.2,789.85
725,801.55,792.5
726,833.62,800.1
727,780.4,788.77
728,649.39,773.06
729,830.62,782.7
730,964.0,795.77
731,961.98,804.68
732,930.29,816.68
733,681.95,799.76
734,844.98,806.64
735,969.48,821.64
736,819.37,826.73
737,595.28,820.05
738,1010.16,830.51
739,660.3,829.84
740,985.69,839.65
741,659.92,825.24
742,822.35,832.61
743,657.67,815.16
744,930.64,819.48
745,499.26,804.37
746,758.93,800.63
747,967.83,810.0
748,827.54,818.91
749,936.69,824.22
750,776.63,814.85
751,652.13,799.36
752,663.96,786.04
753,918.95,797.89
754,718.53,791.57
755,713.77,778.78
756,663.73,771.0
757,665.51,774.51
758,725.94,760.3
759,809.53,767.76
760,935.15,765.23
761,751.61,769.82
762,597.42,758.57
763,714.92,761.43
764,818.81,755.84
765,1008.56,781.31
766,727.0,779.71
767,626.26,762.63
768,928.39,767.67
769,922.88,766.98
770,1002.39,778.27
771,975.59,794.44
772,680.95,795.29
773,788.45,788.77
774,763.21,791.0
775,658.59,788.24
776,788.82,794.5
777,959.91,809.22
778,977.06,821.77
779,637.61,813.18
780,777.75,805.31
781,933.78,814.42
782,734.23,821.26
783,1038.7,837.45
784,1025.19,847.77
785,732.62,833.97
786,629.79,829.11
787,536.12,824.6
788,720.18,814.19
789,688.8,802.49
790,621.92,783.46
791,830.64,776.22
792,1001.57,792.25
793,666.33,786.14
794,970.36,796.5
795,789.79,803.06
796,874.71,807.35
797,1031.71,810.94
798,691.56,796.67
799,695.93,799.58
800,853.48,803.37
801,708.16,792.09
802,968.37,803.8
803,1009.28,802.32
804,728.04,787.47
805,947.75,798.22
806,940.48,813.76
807,826.61,828.28
808,702.33,827.39
809,1036.88,844.79
810,807.56,854.08
811,897.88,857.44
812,950.41,854.88
813,665.02,854.81
814,891.4,850.87
815,673.72,845.06
816,966.21,849.64
817,916.15,843.86
818,922.67,855.42
819,876.75,864.46
820,664.36,855.0
821,993.75,869.28
822,836.93,862.71
823,788.4,851.67
824,695.95,850.06
825,1011.77,853.26
826,906.93,851.58
827,721.06,846.31
828,942.15,858.3
829,944.44,853.68
830,906.37,858.62
831,717.51,849.6
832,897.3,846.94
833,972.34,862.31
834,652.63,850.37
835,978.67,865.62
836,681.26,851.37
837,960.27,853.58
838,971.34,856.01
839,985.3,861.44
840,760.11,866.22
841,1020.14,867.54
842,972.49,874.32
843,996.74,884.74
844,835.53,891.72
845,881.88,885.22
846,630.96,871.42
847,951.8,882.96
848,983.2,885.01
849,658.75,870.73
850,654.63,858.14
851,597.97,852.17
852,800.62,847.33
853,884.03,842.92
854,802.21,850.39
855,785.56,840.74
856,827.51,848.05
857,805.95,840.34
858,719.95,827.77
859,717.38,814.37
860,988.05,825.77
861,900.96,819.81
862,685.95,805.48
863,941.7,802.73
864,906.89,806.3
865,1041.42,814.27
866,906.79,828.07
867,805.89,820.77
868,1018.22,822.52
869,771.49,828.16
870,860.05,838.43
871,765.78,846.82
872,846.86,849.13
873,827.73,846.32
874,900.35,851.22
875,763.84,850.14
876,879.52,852.74
877,879.84,856.43
878,801.09,860.49
879,869.69,868.1
880,973.06,867.35
881,704.6,857.54
882,1027.95,874.64
883,1019.1,878.51
884,927.02,879.51
885,815.99,868.24
886,970.62,871.43
887,1033.67,882.82
888,1012.12,882.52
889,693.38,878.61
890,750.17,873.12
891,876.04,878.63
892,823.55,877.47
893,926.13,882.39
894,606.73,867.71
895,671.83,863.11
896,678.84,853.07
897,944.33,856.3
898,643.51,848.42
899,743.97,842.13
900,677.35,827.35
901,726.17,828.42
902,929.34,823.49
903,695.86,807.33
904,743.27,798.14
905,742.18,794.45
906,648.06,778.33
907,662.79,759.78
908,808.29,749.59
909,741.79,752.01
910,533.36,741.17
911,906.71,742.7
912,959.29,749.49
913,830.94,744.73
914,916.21,760.21
915,821.2,767.67
916,958.28,781.65
917,993.94,784.13
918,746.42,789.27
919,907.53,797.45
920,831.99,805.18
921,976.84,817.72
922,909.23,816.71
923,869.81,825.41
924,776.45,827.07
925,950.27,837.47
926,974.32,853.78
927,670.67,854.18
928,745.52,851.04
929,761.59,852.03
930,871.29,868.93
931,742.17,860.7
932,637.1,844.59
933,943.36,850.21
934,840.24,846.41
935,919.94,851.35
936,684.91,837.68
937,653.79,820.67
938,907.75,828.74
939,661.98,816.46
940,970.7,823.4
941,954.6,822.28
942,985.98,826.12
943,693.16,817.29
944,801.9,818.56
945,892.03,815.65
946,1019.59,817.91
947,703.21,819.54
948,930.28,828.78
949,698.23,825.61
950,1002.91,832.19
951,910.63,840.61
952,733.14,845.42
953,948.66,845.68
954,1015.67,854.45
955,937.08,855.31
956,951.61,868.64
957,740.92,873.0
958,909.4,873.08
959,878.24,883.9
960,926.34,881.68
961,561.77,862.04
962,974.3,861.45
963,777.06,865.65
964,753.96,863.25
965,811.52,859.23
966,672.58,841.88
967,699.89,841.71
968,711.3,830.76
969,747.79,833.24
970,706.69,818.43
971,997.25,822.76
972,788.36,825.52
973,735.29,814.85
974,765.56,802.35
975,1023.2,806.65
976,1036.87,810.92
977,1005.62,824.15
978,945.98,825.98
979,828.56,823.5
980,979.77,826.17
981,916.69,843.91
982,721.56,831.28
983,928.96,838.87
984,749.82,838.66
985,883.33,842.25
986,673.31,842.29
987,776.39,846.12
988,794.75,850.29
989,987.86,862.29
990,683.56,861.13
991,882.48,855.4
992,689.25,850.44
993,985.95,862.97
994,603.17,854.85
995,962.88,851.84
996,660.39,833.01
997,781.77,821.82
998,697.76,809.41
999,628.57,799.41
1000,653.78,783.11
1001,913.86,782.97
1002,692.11,781.5
1003,1004.22,785.26
1004,913.44,793.44
1005,967.39,797.64
1006,696.71,798.81
1007,733.65,796.68
1008,927.97,803.34
1009,622.06,785.05
1010,978.4,799.79
1011,974.73,804.4
1012,977.04,818.79
1013,1003.28,819.66
1014,659.62,822.48
1015,893.43,819.01
1016,991.36,835.56
1017,835.46,838.24
1018,1020.6,854.38
1019,802.5,863.08
1020,947.39,877.76
1021,954.71,879.8
1022,1034.41,896.92
1023,922.63,892.84
1024,676.03,880.97
1025,791.23,872.16
1026,739.44,874.3
1027,655.33,870.38
1028,836.91,865.83
1029,785.24,873.99
1030,952.23,872.68
1031,681.78,858.03
1032,687.52,843.55
1033,699.63,828.37
1034,1043.69,847.57
1035,681.7,836.99
1036,691.0,821.97
1037,691.89,814.79
1038,724.88,800.01
1039,696.2,794.69
1040,861.81,790.41
1041,972.04,791.28
1042,953.52,787.23
1043,895.26,785.87
1044,882.56,796.19
1045,970.43,805.15
1046,686.7,802.52
1047,830.52,811.28
1048,816.1,810.23
1049,581.42,800.04
1050,947.14,799.79
1051,1007.77,816.09
1052,790.12,821.22
1053,869.37,829.71
1054,1028.87,828.96
1055,871.17,838.44
1056,721.82,839.98
1057,1009.08,855.84
1058,931.82,866.19
1059,692.18,865.99
1060,670.92,856.44
1061,926.73,854.18
1062,1037.89,858.39
1063,991.8,863.22
1064,868.87,862.54
1065,751.42,851.59
1066,723.25,853.41
1067,660.32,844.9
1068,736.7,840.93
1069,946.13,859.17
1070,955.27,859.58
1071,1050.19,861.7
1072,782.26,861.3
1073,880.89,861.88
1074,971.5,859.01
1075,717.15,851.31
1076,912.21,860.83
1077,1015.07,861.13
1078,698.32,849.45
1079,989.18,864.3
1080,959.74,878.74
1081,932.01,879.01
1082,1009.77,877.6
1083,930.65,874.54
1084,846.45,873.42
1085,896.1,880.66
1086,955.74,892.28
1087,979.44,908.24
1088,1011.43,921.97
1089,760.27,912.68
1090,980.54,913.95
1091,973.39,910.11
1092,1007.66,921.38
1093,605.37,907.6
1094,937.79,905.91
1095,674.65,903.79
1096,857.5,901.05
1097,1031.66,901.88
1098,1036.2,918.78
1099,730.7,905.85
1100,953.22,905.53
1101,802.18,899.04
1102,696.76,883.39
1103,801.9,876.95
1104,1048.05,887.03
1105,857.64,885.1
1106,866.92,880.66
1107,854.21,874.4
1108,973.93,872.53
1109,808.32,874.93
1110,697.45,860.77
1111,896.49,856.93
1112,661.34,839.61
1113,934.65,856.08
1114,831.47,850.76
1115,933.56,863.71
1116,1020.85,871.88
1117,910.61,865.82
1118,682.74,848.15
1119,701.32,846.68
1120,687.52,833.4
1121,1027.18,844.65
1122,706.53,845.13
1123,829.68,846.52
1124,675.46,827.89
1125,844.39,827.23
1126,638.4,815.81
1127,876.9,816.94
1128,990.42,817.76
1129,686.6,811.68
1130,961.32,824.87
1131,624.01,811.25
1132,960.87,826.22
1133,901.18,824.55
1134,721.21,819.04
1135,892.51,816.99
1136,1018.49,816.87
1137,1027.73,822.72
1138,1012.84,839.23
1139,921.54,850.24
1140,749.34,853.33
1141,813.53,842.65
1142,1026.24,858.63
1143,1023.16,868.31
1144,852.03,877.14
1145,777.97,873.82
1146,919.1,887.85
1147,664.41,877.23
1148,707.0,863.05
1149,953.27,876.39
1150,777.46,867.2
1151,1013.34,886.66
1152,714.21,874.33
1153,805.68,869.55
1154,738.08,870.4
1155,988.22,875.18
1156,901.54,869.34
1157,700.41,852.97
1158,678.99,836.28
1159,934.25,836.91
1160,682.0,833.55
1161,787.53,832.25
1162,974.78,829.67
1163,793.44,818.19
1164,1042.49,827.71
1165,1032.12,840.42
1166,747.9,831.86
1167,1006.31,848.95
1168,916.87,859.45
1169,1015.49,862.56
1170,978.66,872.62
1171,952.63,869.58
1172,655.96,866.67
1173,1008.12,876.79
1174,1005.24,890.15
1175,661.63,873.82
1176,858.53,871.67
1177,686.11,870.95
1178,825.35,878.27
1179,860.86,874.6
1180,877.97,884.4
1181,1028.69,896.46
1182,739.99,884.72
1183,688.66,879.48
1184,1006.77,877.69
1185,920.38,872.11
1186,1004.95,884.96
1187,752.81,872.28
1188,951.41,874.01
1189,833.96,864.93
1190,734.28,852.71
1191,987.94,854.48
1192,1036.64,873.51
1193,844.51,865.33
1194,961.98,863.17
1195,993.28,879.75
1196,981.97,885.93
1197,826.63,892.95
1198,713.08,887.34
1199,903.81,889.49
1200,554.53,873.31
1201,806.88,862.22
1202,892.69,869.86
1203,973.19,884.08
1204,803.64,873.93
1205,718.05,863.81
1206,1055.07,866.32
1207,780.48,867.7
1208,975.71,868.92
1209,1037.46,879.09
1210,647.51,874.75
1211,719.67,861.34
1212,994.19,859.22
1213,881.44,861.06
1214,773.81,851.65
1215,927.6,848.37
1216,793.4,838.94
1217,956.1,845.41
1218,882.97,853.91
1219,937.92,855.61
1220,721.36,863.96
1221,1034.44,875.33
1222,1002.52,880.83
1223,1064.48,885.39
1224,995.71,894.99
1225,691.42,893.66
1226,856.68,883.74
1227,822.07,885.82
1228,745.83,874.33
1229,842.78,864.6
1230,742.8,869.36
1231,849.89,875.87
1232,752.21,863.77
1233,923.12,865.86
1234,1032.84,878.81
1235,785.44,871.7
1236,699.52,867.01
1237,718.28,855.12
1238,565.54,839.24
1239,701.54,827.42
1240,957.45,839.23
1241,836.29,829.32
1242,856.85,822.04
1243,964.77,817.05
1244,619.81,798.26
1245,1031.35,815.25
1246,639.21,804.38
1247,990.29,812.79
1248,898.47,820.42
1249,849.14,820.74
1250,973.03,832.25
1251,591.62,819.34
1252,810.67,822.26
1253,1032.15,827.71
1254,722.89,812.22
1255,711.22,808.5
1256,1048.27,825.94
1257,778.93,828.97
1258,675.11,834.45
1259,848.94,841.82
1260,772.39,832.57
1261,901.02,835.81
1262,682.46,827.09
1263,947.44,826.22
1264,1029.69,846.72
1265,901.28,840.21
1266,829.38,849.72
1267,666.42,833.53
1268,821.19,829.66
1269,833.36,828.87
1270,820.76,821.26
1271,805.07,831.93
1272,1003.47,841.57
1273,714.52,825.69
1274,1026.61,840.88
1275,861.46,848.39
1276,691.89,830.57
1277,959.05,839.57
1278,871.32,849.39
1279,1004.83,857.18
1280,948.41,865.98
1281,974.28,869.64
1282,1044.58,887.75
1283,797.22,880.24
1284,708.66,864.19
1285,703.94,854.32
1286,968.41,861.27
1287,1018.18,878.86
1288,792.02,877.4
1289,940.02,882.74
1290,1043.5,893.87
1291,671.72,887.2
1292,911.07,882.59
1293,975.79,895.65
1294,992.63,893.95
1295,740.47,887.9
1296,770.41,891.83
1297,968.23,892.29
1298,688.03,883.12
1299,1030.08,884.38
1300,783.71,876.15
1301,701.78,862.52
1302,818.41,851.21
1303,930.17,857.86
1304,724.65,858.66
1305,707.92,858.86
1306,842.93,852.59
1307,942.9,848.82
1308,719.1,845.18
1309,768.05,836.58
1310,687.43,818.77
1311,846.84,827.53
1312,787.22,821.34
1313,804.27,812.76
1314,757.46,801.0
1315,898.21,808.89
1316,858.91,813.31
1317,1040.84,816.95
1318,984.8,831.78
1319,698.22,815.19
1320,691.52,810.58
1321,738.93,812.44
1322,696.42,806.34
1323,1024.73,811.07
1324,888.88,819.28
1325,1027.53,835.26
1326,942.96,840.26
1327,827.29,834.48
1328,977.7,847.41
1329,913.15,854.67
1330,706.74,855.63
1331,1033.67,864.97
1332,912.17,871.22
1333,1034.58,882.74
1334,1029.12,896.32
1335,796.01,891.21
1336,1011.38,898.83
1337,969.66,895.27
1338,690.98,880.58
1339,693.63,880.35
1340,1047.73,898.16
1341,912.86,906.86
1342,1021.74,923.13
1343,703.18,907.05
1344,976.03,911.41
1345,1030.6,911.56
1346,897.06,909.27
1347,683.61,902.08
1348,708.76,888.63
1349,831.82,884.57
1350,697.5,884.11
1351,980.72,881.46
1352,910.27,881.36
1353,984.72,878.87
1354,994.83,877.16
1355,703.27,872.52
1356,982.41,871.07
1357,772.58,861.22
1358,893.39,871.34
1359,1008.83,887.1
1360,982.72,883.85
1361,758.22,876.11
1362,1037.85,876.92
1363,696.26,876.57
1364,801.02,867.82
1365,704.93,851.54
1366,754.95,844.43
1367,644.78,842.49
1368,949.57,854.53
1369,848.32,855.36
1370,994.66,870.22
1371,925.54,867.46
1372,1051.8,874.53
1373,772.52,863.92
1374,952.23,861.79
1375,738.7,863.56
1376,825.38,855.71
1377,883.84,861.28
1378,812.25,857.22
1379,1045.63,859.06
1380,777.76,848.81
1381,691.8,845.49
1382,681.41,827.67
1383,972.48,841.48
1384,658.13,834.33
1385,1016.3,849.9
1386,645.6,844.43
1387,843.58,854.37
1388,715.33,842.66
1389,999.17,850.21
1390,746.94,837.82
1391,930.94,838.09
1392,683.0,819.65
1393,1010.02,831.52
